filename,Iou,DC,PA,TP,TN,FPN
FG_Counting-Fingers_BG_Complex_fg_0.jpg,0.9410176066269227,0.9696126438154385,0.992637924382716,243557,1814777,15266
FG_Counting-Fingers_BG_Complex_fg_1.jpg,0.9462796402289452,0.9723984371717851,0.9933463541666666,243033,1816770,13797
FG_Counting-Fingers_BG_Complex_fg_2.jpg,0.9456473501039404,0.9720644905701149,0.9932667824074074,242916,1816722,13962
FG_Counting-Fingers_BG_Complex_fg_3.jpg,0.9452284226393342,0.9718431127556987,0.9932185570987654,242677,1816861,14062
FG_Counting-Fingers_BG_Complex_fg_4.jpg,0.9445331298328129,0.9714754820495365,0.9931298225308642,242592,1816762,14246
FG_Counting-Fingers_BG_Complex_fg_5.jpg,0.9456358266642769,0.9720584024046636,0.9932711226851851,242705,1816942,13953
FG_Counting-Fingers_BG_Complex_fg_6.jpg,0.9447131109242127,0.971570670879309,0.993152488425926,242625,1816776,14199
FG_Counting-Fingers_BG_Complex_fg_7.jpg,0.9450261780104712,0.971736204576043,0.9931944444444445,242592,1816896,14112
FG_Counting-Fingers_BG_Complex_fg_8.jpg,0.9455280814818856,0.9720014740282629,0.9932581018518518,242666,1816954,13980
FG_Counting-Fingers_BG_Complex_fg_9.jpg,0.9451846657316503,0.9718199843778165,0.9932146990740741,242610,1816920,14070
FG_Counting-Fingers_BG_Complex_fg_10.jpg,0.9455722145161541,0.9720247929746564,0.9932634066358025,242683,1816948,13969
FG_Counting-Fingers_BG_Complex_fg_11.jpg,0.9457465835895398,0.9721169154976118,0.9932855902777777,242706,1816971,13923
FG_Counting-Fingers_BG_Complex_fg_12.jpg,0.9424259731984318,0.9703597318013795,0.992853973765432,242555,1816227,14818
FG_Counting-Fingers_BG_Complex_fg_13.jpg,0.9425011271240459,0.9703995678184837,0.9928655478395062,242498,1816308,14794
FG_Counting-Fingers_BG_Complex_fg_14.jpg,0.9423156095855828,0.9703012269840509,0.9928375771604938,242618,1816130,14852
FG_Counting-Fingers_BG_Complex_fg_15.jpg,0.9439273791273356,0.971154981675377,0.9930502507716049,242595,1816594,14411
FG_Counting-Fingers_BG_Complex_fg_16.jpg,0.9440422123370765,0.9712157548288767,0.9930598958333333,242785,1816424,14391
FG_Counting-Fingers_BG_Complex_fg_17.jpg,0.9445362918127039,0.971477154517084,0.9931240354938271,242811,1816531,14258
FG_Counting-Fingers_BG_Complex_fg_18.jpg,0.9434936496404247,0.9709253743278092,0.9929861111111111,242843,1816213,14544
FG_Counting-Fingers_BG_Complex_fg_19.jpg,0.9445544631497859,0.9714867657857197,0.9931274112654321,242776,1816573,14251
FG_Counting-Fingers_BG_Complex_fg_20.jpg,0.9442151733794901,0.9713072774123334,0.9930835262345679,242753,1816505,14342
FG_Counting-Fingers_BG_Complex_fg_21.jpg,0.9440500410395652,0.9712198977498974,0.9930637538580247,242686,1816531,14383
FG_Counting-Fingers_BG_Complex_fg_22.jpg,0.943070480097589,0.9707012584023449,0.9929330632716049,242752,1816194,14654
FG_Counting-Fingers_BG_Complex_fg_23.jpg,0.942636923136661,0.9704715399052962,0.992875675154321,242762,1816065,14773
FG_Counting-Fingers_BG_Complex_fg_24.jpg,0.9415268254424315,0.9698828912424408,0.9927372685185185,242494,1816046,15060
FG_Counting-Fingers_BG_Complex_fg_25.jpg,0.9430699323260632,0.9707009682323757,0.9929369212962963,242617,1816337,14646
FG_Counting-Fingers_BG_Complex_fg_26.jpg,0.942488650353208,0.9703929546067954,0.9928583140432099,242688,1816103,14809
FG_Counting-Fingers_BG_Complex_fg_27.jpg,0.9427291204371194,0.9705203988757864,0.9928930362654321,242584,1816279,14737
FG_Counting-Fingers_BG_Complex_fg_28.jpg,0.9419760758117135,0.9701211951521939,0.9927951388888889,242540,1816120,14940
FG_Counting-Fingers_BG_Complex_fg_29.jpg,0.9422828957588939,0.9702838837910095,0.9928332368827161,242619,1816120,14861
FG_Counting-Fingers_BG_Complex_fg_30.jpg,0.9446459285086115,0.9715351413437815,0.993139949845679,242757,1816618,14225
FG_Counting-Fingers_BG_Complex_fg_31.jpg,0.9443447736391692,0.9713758449039557,0.9931032986111111,242656,1816643,14301
FG_Counting-Fingers_BG_Complex_fg_32.jpg,0.9442697713511915,0.9713361646259211,0.9930931712962963,242666,1816612,14322
FG_Counting-Fingers_BG_Complex_fg_33.jpg,0.9429405386077352,0.9706324201598304,0.9929200424382716,242612,1816307,14681
FG_Counting-Fingers_BG_Complex_fg_34.jpg,0.9421267544404421,0.970201097622883,0.9928096064814815,242722,1815968,14910
FG_Counting-Fingers_BG_Complex_fg_35.jpg,0.9412463138289616,0.9697340385130463,0.9926977237654321,242578,1815880,15142
FG_Counting-Fingers_BG_Complex_fg_36.jpg,0.9420503757792321,0.9701605967880642,0.9928047839506173,242545,1816135,14920
FG_Counting-Fingers_BG_Complex_fg_37.jpg,0.9428440342002636,0.9705812897002494,0.9929108796296297,242491,1816409,14700
FG_Counting-Fingers_BG_Complex_fg_38.jpg,0.9428569206661508,0.9705881175674757,0.9929128086419753,242483,1816421,14696
FG_Counting-Fingers_BG_Complex_fg_39.jpg,0.9422525581359211,0.9702677998171865,0.9928313078703703,242549,1816186,14865
FG_Counting-Fingers_BG_Complex_fg_40.jpg,0.9436304159260023,0.970997786609991,0.993011188271605,242597,1816511,14492
FG_Counting-Fingers_BG_Complex_fg_41.jpg,0.9444143895196099,0.9714126727409566,0.9931124614197531,242655,1816663,14282
FG_Counting-Fingers_BG_Complex_fg_42.jpg,0.9440362511911939,0.9712126001896751,0.9930613425925926,242707,1816505,14388
FG_Counting-Fingers_BG_Complex_fg_43.jpg,0.9448566623584921,0.971646580075142,0.9931688850308642,242711,1816724,14165
FG_Counting-Fingers_BG_Complex_fg_44.jpg,0.9438930288274553,0.9711368010788186,0.9930430169753086,242690,1816484,14426
FG_Counting-Fingers_BG_Complex_fg_45.jpg,0.9443177306731226,0.9713615380611685,0.993100887345679,242616,1816678,14306
FG_Counting-Fingers_BG_Complex_fg_46.jpg,0.943542113942562,0.9709510354046764,0.9929996141975309,242596,1816488,14516
FG_Counting-Fingers_BG_Complex_fg_47.jpg,0.9436768154436671,0.9710223509850959,0.9930155285493827,242658,1816459,14483
FG_Counting-Fingers_BG_Complex_fg_48.jpg,0.9424937493205783,0.9703956572835637,0.9928568672839506,242760,1816028,14812
FG_Counting-Fingers_BG_Complex_fg_49.jpg,0.943366562631015,0.9708580776998076,0.9929644097222222,243015,1815996,14589
FG_Counting-Fingers_BG_Complex_fg_50.jpg,0.9430758368119675,0.9707040959958471,0.992923900462963,243091,1815836,14673
FG_Counting-Fingers_BG_Complex_fg_51.jpg,0.9431637365622696,0.9707506565873436,0.9929374035493828,243025,1815930,14645
FG_Counting-Fingers_BG_Complex_fg_52.jpg,0.9426583456081867,0.9704828929279063,0.9928660300925926,243187,1815620,14793
FG_Counting-Fingers_BG_Complex_fg_53.jpg,0.9437969910227264,0.971085967702984,0.993013599537037,243275,1815838,14487
FG_Counting-Fingers_BG_Complex_fg_54.jpg,0.9426563293076526,0.9704818243828108,0.9928626543209876,243293,1815507,14800
FG_Counting-Fingers_BG_Complex_fg_55.jpg,0.9425361304999942,0.9704181206219238,0.9928496334876543,243196,1815577,14827
FG_Counting-Fingers_BG_Complex_fg_56.jpg,0.9426354365714595,0.970470752078021,0.9928626543209876,243199,1815601,14800
FG_Counting-Fingers_BG_Complex_fg_57.jpg,0.9427108963603885,0.9705107415895279,0.9928698881172839,243292,1815523,14785
FG_Counting-Fingers_BG_Complex_fg_58.jpg,0.9407178036013886,0.9694534690779868,0.9926046489197531,243343,1814922,15335
FG_Counting-Fingers_BG_Complex_fg_59.jpg,0.9425485860764444,0.9704247222770392,0.9928448109567901,243416,1815347,14837
FG_Counting-Fingers_BG_Complex_fg_60.jpg,0.9407826147394759,0.9694878834905097,0.9926041666666666,243642,1814622,15336
FG_Counting-Fingers_BG_Complex_fg_61.jpg,0.9409971721292476,0.9696017960675197,0.9926345486111111,243579,1814748,15273
FG_Counting-Fingers_BG_Complex_fg_62.jpg,0.9405373461773181,0.9693576349149796,0.9925757137345679,243507,1814698,15395
FG_Counting-Fingers_BG_Complex_fg_63.jpg,0.9406341727174417,0.9694090580712442,0.992587287808642,243549,1814680,15371
FG_Counting-Fingers_BG_Complex_fg_64.jpg,0.9405931421557086,0.9693872679678238,0.992578125,243671,1814539,15390
FG_Counting-Fingers_BG_Complex_fg_65.jpg,0.9414659985462194,0.96985061726674,0.9926991705246914,243497,1814964,15139
FG_Counting-Fingers_BG_Complex_fg_66.jpg,0.9408797549756096,0.9695394601995149,0.9926181520061729,243606,1814687,15307
FG_Counting-Fingers_BG_Complex_fg_67.jpg,0.9418992642197366,0.9700804584198611,0.9927531828703704,243610,1814963,15027
FG_Counting-Fingers_BG_Complex_fg_68.jpg,0.9407956489997412,0.969494804344408,0.9926085069444445,243556,1814717,15327
FG_Counting-Fingers_BG_Complex_fg_69.jpg,0.9418411740820233,0.9700496483985255,0.9927473958333334,243546,1815015,15039
FG_Counting-Fingers_BG_Complex_fg_70.jpg,0.9416571954321589,0.9699520570855168,0.9927218364197531,243586,1814922,15092
FG_Counting-Fingers_BG_Complex_fg_71.jpg,0.9430241560854754,0.9706767186933427,0.9929021990740741,243602,1815280,14718
FG_Counting-Fingers_BG_Complex_fg_72.jpg,0.9427995137474738,0.9705576999336427,0.9928747106481481,243527,1815298,14775
FG_Counting-Fingers_BG_Complex_fg_73.jpg,0.9424835285646819,0.9703902398195275,0.9928346836419754,243468,1815274,14858
FG_Counting-Fingers_BG_Complex_fg_74.jpg,0.9412851269051226,0.9697546371312888,0.9926726466049383,243582,1814824,15194
FG_Counting-Fingers_BG_Complex_fg_75.jpg,0.9410651381249614,0.969637875248242,0.9926417824074074,243638,1814704,15258
FG_Counting-Fingers_BG_Complex_fg_76.jpg,0.9411137715300842,0.9696636903340814,0.9926466049382716,243692,1814660,15248
FG_Counting-Fingers_BG_Complex_fg_77.jpg,0.9401293499316977,0.9691408977084904,0.9925178433641976,243627,1814458,15515
FG_Counting-Fingers_BG_Complex_fg_78.jpg,0.9392775826805079,0.968688124968907,0.9924117476851851,243395,1814470,15735
FG_Counting-Fingers_BG_Complex_fg_79.jpg,0.9394112537399865,0.968759206618414,0.9924315200617284,243331,1814575,15694
FG_Counting-Fingers_BG_Complex_fg_80.jpg,0.939550556593432,0.9688332726357288,0.9924474344135803,243415,1814524,15661
FG_Counting-Fingers_BG_Complex_fg_81.jpg,0.9393821246173504,0.9687437175927308,0.9924271797839506,243346,1814551,15703
FG_Counting-Fingers_BG_Complex_fg_82.jpg,0.940088092122279,0.9691189755140537,0.9925154320987655,243527,1814553,15520
FG_Counting-Fingers_BG_Complex_fg_83.jpg,0.9416667633152793,0.9699571328165909,0.9927232831790124,243580,1814931,15089
FG_Counting-Fingers_BG_Complex_fg_84.jpg,0.9424670666089431,0.9703815141167388,0.9928221450617284,243820,1814896,14884
FG_Counting-Fingers_BG_Complex_fg_85.jpg,0.9428960206582497,0.970608834062873,0.9928761574074074,243914,1814914,14772
FG_Counting-Fingers_BG_Complex_fg_86.jpg,0.9420228310678562,0.9701459900446876,0.9927575231481481,244015,1814567,15018
FG_Counting-Fingers_BG_Complex_fg_87.jpg,0.9416715826325672,0.9699596894298934,0.9927044753086419,244231,1814241,15128
FG_Counting-Fingers_BG_Complex_fg_88.jpg,0.9409424099903317,0.9695727242056799,0.9926060956790124,244279,1813989,15332
FG_Counting-Fingers_BG_Complex_fg_89.jpg,0.9419651126891015,0.9701153810994392,0.9927478780864197,244082,1814480,15038
FG_Counting-Fingers_BG_Complex_fg_90.jpg,0.9429371082275114,0.9706306027452707,0.9928616898148148,244596,1814202,14802
FG_Counting-Fingers_BG_Complex_fg_91.jpg,0.9426833877075669,0.9704961638859388,0.9928322723765433,244451,1814286,14863
FG_Counting-Fingers_BG_Complex_fg_92.jpg,0.9425367553523657,0.9704184518057107,0.9928110532407407,244511,1814182,14907
FG_Counting-Fingers_BG_Complex_fg_93.jpg,0.9430378526388862,0.9706839744353143,0.9928771219135802,244525,1814305,14770
FG_Counting-Fingers_BG_Complex_fg_94.jpg,0.9421938148460647,0.9702366546983794,0.992764274691358,244553,1814043,15004
FG_Counting-Fingers_BG_Complex_fg_95.jpg,0.9422726414476346,0.9702784473608507,0.9927753665123457,244532,1814087,14981
FG_Counting-Fingers_BG_Complex_fg_96.jpg,0.9416398924408078,0.9699428777774912,0.9926943479938272,244429,1814022,15149
FG_Counting-Fingers_BG_Complex_fg_97.jpg,0.9408008437226955,0.9694975625815613,0.9925829475308642,244421,1813799,15380
FG_Counting-Fingers_BG_Complex_fg_98.jpg,0.9418003273322422,0.9700279828731331,0.9927117091049382,244562,1813925,15113
FG_Counting-Fingers_BG_Complex_fg_99.jpg,0.9426947457659776,0.9705021829297079,0.9928284143518519,244634,1814095,14871
FG_Counting-Fingers_BG_Complex_fg_100.jpg,0.9423412458450647,0.970314817605673,0.9927806712962963,244661,1813969,14970
FG_Counting-Fingers_BG_Complex_fg_101.jpg,0.9424805711466108,0.9703886722432253,0.9928043016975309,244487,1814192,14921
FG_Counting-Fingers_BG_Complex_fg_102.jpg,0.9418486424032351,0.9700536095723729,0.9927184606481482,244551,1813950,15099
FG_Counting-Fingers_BG_Complex_fg_103.jpg,0.9407236720625346,0.9694565852981694,0.992568962191358,244543,1813648,15409
FG_Counting-Fingers_BG_Complex_fg_104.jpg,0.9405287529614473,0.9693530709360562,0.9925429205246914,244545,1813592,15463
FG_Counting-Fingers_BG_Complex_fg_105.jpg,0.9405186011618513,0.96934767911911,0.9925438850308642,244469,1813670,15461
FG_Counting-Fingers_BG_Complex_fg_106.jpg,0.9402985648582548,0.9692307997217395,0.9925130208333334,244519,1813556,15525
FG_Counting-Fingers_BG_Complex_fg_107.jpg,0.9389065177137677,0.9684907540780925,0.9923307291666666,244403,1813294,15903
FG_Counting-Fingers_BG_Complex_fg_108.jpg,0.941131159852876,0.9696729199115088,0.9926287615740741,244360,1813955,15285
FG_Counting-Fingers_BG_Complex_fg_109.jpg,0.9410693032696907,0.9696400861983434,0.9926215277777778,244327,1813973,15300
FG_Counting-Fingers_BG_Complex_fg_110.jpg,0.9409116640159582,0.9695564012110776,0.9926003086419753,244335,1813921,15344
FG_Counting-Fingers_BG_Complex_fg_111.jpg,0.9410812872503959,0.9696464475050066,0.9926249035493827,244268,1814039,15293
FG_Counting-Fingers_BG_Complex_fg_112.jpg,0.9407269087128941,0.9694583039885729,0.9925757137345679,244335,1813870,15395
FG_Counting-Fingers_BG_Complex_fg_113.jpg,0.9410371901463851,0.9696230396032917,0.992626350308642,244026,1814284,15290
FG_Counting-Fingers_BG_Complex_fg_114.jpg,0.9414696623665206,0.9698525613003219,0.9926832561728395,244044,1814384,15172
FG_Counting-Fingers_BG_Complex_fg_115.jpg,0.9411099881965392,0.9696616821501317,0.9926374421296297,243979,1814354,15267
FG_Counting-Fingers_BG_Complex_fg_116.jpg,0.9410817722455016,0.9696467049472418,0.9926224922839506,244350,1813952,15298
FG_Counting-Fingers_BG_Complex_fg_117.jpg,0.9413587264396343,0.9697936951261391,0.9926615547839506,244276,1814107,15217
FG_Counting-Fingers_BG_Complex_fg_118.jpg,0.941428956384494,0.9698309621771675,0.9926625192901235,244555,1813830,15215
FG_Counting-Fingers_BG_Complex_fg_119.jpg,0.9393702545779365,0.9687374057228395,0.9924059606481481,243977,1813876,15747
FG_Counting-Fingers_BG_Complex_fg_120.jpg,0.9426235838346707,0.9704644705012434,0.9928342013888889,244115,1814626,14859
FG_Counting-Fingers_BG_Complex_fg_121.jpg,0.942831871395851,0.9705748451804654,0.9928621720679013,244102,1814697,14801
FG_Counting-Fingers_BG_Complex_fg_122.jpg,0.9418737828509728,0.9700669437620767,0.992730999228395,244242,1814285,15073
FG_Counting-Fingers_BG_Complex_fg_123.jpg,0.9423972288334022,0.9703444947760794,0.9927985146604938,244308,1814359,14933
FG_Counting-Fingers_BG_Complex_fg_124.jpg,0.941159469437144,0.9696879460501422,0.9926364776234567,244229,1814102,15269
FG_Counting-Fingers_BG_Complex_fg_125.jpg,0.9414414761603799,0.9698376054294296,0.9926721643518519,244289,1814116,15195
FG_Counting-Fingers_BG_Complex_fg_126.jpg,0.9387079046780906,0.9683850799937361,0.9923085455246914,244264,1813387,15949
FG_Counting-Fingers_BG_Complex_fg_127.jpg,0.938659952333359,0.9683595632164308,0.9923046875,244183,1813460,15957
FG_Counting-Fingers_BG_Complex_fg_128.jpg,0.9405735021071041,0.9693768373996813,0.9925602816358025,244171,1814002,15427
FG_Counting-Fingers_BG_Complex_fg_129.jpg,0.9401568494522595,0.9691555089658677,0.9925077160493827,244076,1813988,15536
FG_Counting-Fingers_BG_Complex_fg_130.jpg,0.9392432232825969,0.968669852245476,0.9923828125,244176,1813629,15795
FG_Counting-Fingers_BG_Complex_fg_131.jpg,0.9389989772928249,0.9685399407521386,0.9923485725308642,244228,1813506,15866
FG_Counting-Fingers_BG_Complex_fg_132.jpg,0.9397456328767967,0.9689369749816933,0.9924512924382716,244129,1813818,15653
FG_Counting-Fingers_BG_Complex_fg_133.jpg,0.9404047716228601,0.9692872181883487,0.9925361689814814,244225,1813898,15477
FG_Counting-Fingers_BG_Complex_fg_134.jpg,0.9399137171291896,0.9690263116651755,0.9924705825617284,244230,1813757,15613
FG_Counting-Fingers_BG_Complex_fg_135.jpg,0.9407635705204762,0.9694777713373722,0.9925848765432099,244194,1814030,15376
FG_Counting-Fingers_BG_Complex_fg_136.jpg,0.9399914537482243,0.9690676233981165,0.9924826388888889,244175,1813837,15588
FG_Counting-Fingers_BG_Complex_fg_137.jpg,0.9408558211256747,0.9695267529764152,0.9926012731481482,244058,1814200,15342
FG_Counting-Fingers_BG_Complex_fg_138.jpg,0.9393615343485904,0.9687327687089672,0.992397762345679,244203,1813633,15764
FG_Counting-Fingers_BG_Complex_fg_139.jpg,0.9398768185442402,0.9690067014147431,0.9924725115740741,244008,1813983,15609
FG_Counting-Fingers_BG_Complex_fg_140.jpg,0.9409021895785004,0.9695513711413074,0.9926041666666666,244166,1814098,15336
FG_Counting-Fingers_BG_Complex_fg_141.jpg,0.9400463078896778,0.9690967726561445,0.9924951774691358,244005,1814033,15562
FG_Counting-Fingers_BG_Complex_fg_142.jpg,0.9400498653174001,0.9690986630012256,0.992497588734568,243942,1814101,15557
FG_Counting-Fingers_BG_Complex_fg_143.jpg,0.9404833487511564,0.9693289554444531,0.9925535300925926,243999,1814160,15441
FG_Counting-Fingers_BG_Complex_fg_144.jpg,0.941325841482522,0.9697762440164756,0.9926678240740741,243922,1814474,15204
FG_Counting-Fingers_BG_Complex_fg_145.jpg,0.9414860800493561,0.9698612724799158,0.9926818094135802,244165,1814260,15175
FG_Counting-Fingers_BG_Complex_fg_146.jpg,0.9410377358490566,0.9696233292831106,0.9926215277777778,244188,1814112,15300
FG_Counting-Fingers_BG_Complex_fg_147.jpg,0.9421957957772564,0.9702377049994536,0.9927753665123457,244187,1814432,14981
FG_Counting-Fingers_BG_Complex_fg_148.jpg,0.9394108307801129,0.9687589817184246,0.9923992091049383,244368,1813471,15761
FG_Counting-Fingers_BG_Complex_fg_149.jpg,0.9390220414326546,0.9685522096890185,0.9923659336419753,243772,1813998,15830
FG_Counting-Fingers_BG_Complex_fg_150.jpg,0.9389770831808498,0.9685282939398937,0.9923606288580247,243750,1814009,15841
FG_Counting-Fingers_BG_Complex_fg_151.jpg,0.9389052751868553,0.9684900930463162,0.9923683449074074,243199,1814576,15825
FG_Counting-Fingers_BG_Complex_fg_152.jpg,0.937513301834589,0.9677490223647788,0.9922125771604938,242275,1815177,16148
FG_Counting-Fingers_BG_Complex_fg_153.jpg,0.9390613937493678,0.9685731424249536,0.9924455054012346,241397,1816538,15665
FG_Counting-Fingers_BG_Complex_fg_154.jpg,0.9380231043439599,0.9680205589308389,0.9923365162037037,240511,1817198,15891
FG_Counting-Fingers_BG_Complex_fg_155.jpg,0.938095592468852,0.9680591567455707,0.9923779899691358,239508,1818287,15805
FG_Counting-Fingers_BG_Complex_fg_156.jpg,0.9414755251943041,0.9698556721183293,0.992860725308642,238150,1820646,14804
FG_Counting-Fingers_BG_Complex_fg_157.jpg,0.9409054233641311,0.9695530879946527,0.9927946566358025,237891,1820768,14941
FG_Counting-Fingers_BG_Complex_fg_158.jpg,0.9409644784261405,0.9695844399884487,0.9927874228395062,238383,1820261,14956
FG_Counting-Fingers_BG_Complex_fg_159.jpg,0.940007603400366,0.9690762054259572,0.9926181520061729,239842,1818451,15307
FG_Counting-Fingers_BG_Complex_fg_160.jpg,0.9399129760703671,0.9690259178268142,0.9925612461419753,241286,1816889,15425
FG_Counting-Fingers_BG_Complex_fg_161.jpg,0.9403668124978203,0.9692670544981058,0.9925786072530864,242672,1815539,15389
FG_Counting-Fingers_BG_Complex_fg_162.jpg,0.9397023460862595,0.9689139655703344,0.9924541859567901,243849,1814104,15647
FG_Counting-Fingers_BG_Complex_fg_163.jpg,0.9381755876174852,0.9681017484806355,0.9922217399691358,244755,1812716,16129
FG_Counting-Fingers_BG_Complex_fg_164.jpg,0.9370254953179659,0.9674890677307803,0.9920476466049383,245362,1811748,16490
FG_Counting-Fingers_BG_Complex_fg_165.jpg,0.9375597421045215,0.9677737638026801,0.9920929783950617,246191,1811013,16396
FG_Counting-Fingers_BG_Complex_fg_166.jpg,0.9370287507169637,0.9674908029838336,0.9920052083333334,246685,1810337,16578
FG_Counting-Fingers_BG_Complex_fg_167.jpg,0.9374824474181576,0.9677325837634546,0.9920558449074074,247021,1810106,16473
FG_Counting-Fingers_BG_Complex_fg_168.jpg,0.9368048207940355,0.9673714261099081,0.9919637345679012,247027,1809909,16664
FG_Counting-Fingers_BG_Complex_fg_169.jpg,0.9377726689883839,0.9678871871775847,0.9920896026234568,247195,1810002,16403
FG_Counting-Fingers_BG_Complex_fg_170.jpg,0.9370794014278078,0.9675178010122797,0.9919965277777778,247165,1809839,16596
FG_Counting-Fingers_BG_Complex_fg_171.jpg,0.9380744838907022,0.9680479173406268,0.9921407214506173,246874,1810429,16297
FG_Counting-Fingers_BG_Complex_fg_172.jpg,0.9364541507276547,0.967184428689692,0.9919328703703704,246515,1810357,16728
FG_Counting-Fingers_BG_Complex_fg_173.jpg,0.9368352251351875,0.9673876362608989,0.9919839891975308,246531,1810447,16622
FG_Counting-Fingers_BG_Complex_fg_174.jpg,0.9359971751734193,0.9669406414186283,0.9918706597222222,246522,1810221,16857
FG_Counting-Fingers_BG_Complex_fg_175.jpg,0.9371749824314828,0.967568744105057,0.9920240162037037,246716,1810345,16539
FG_Counting-Fingers_BG_Complex_fg_176.jpg,0.9360589629089584,0.9669736106616458,0.9918793402777778,246513,1810248,16839
FG_Counting-Fingers_BG_Complex_fg_177.jpg,0.9370392304246483,0.9674963890320647,0.9920018325617284,246833,1810182,16585
FG_Counting-Fingers_BG_Complex_fg_178.jpg,0.9370637064465218,0.9675094353665152,0.9919999035493827,246995,1810016,16589
FG_Counting-Fingers_BG_Complex_fg_179.jpg,0.9364385704468398,0.9671761188177049,0.9919266010802469,246642,1810217,16741
FG_Counting-Fingers_BG_Complex_fg_180.jpg,0.9391445241482135,0.9686173593076989,0.9922839506172839,246918,1810682,16000
FG_Counting-Fingers_BG_Complex_fg_181.jpg,0.9400509718893834,0.9690992510097642,0.9923996913580246,247130,1810710,15760
FG_Counting-Fingers_BG_Complex_fg_182.jpg,0.9393198817515644,0.9687106192127365,0.9922887731481481,247523,1810087,15990
FG_Counting-Fingers_BG_Complex_fg_183.jpg,0.9404823375755551,0.9693284183669476,0.992440200617284,247708,1810216,15676
FG_Counting-Fingers_BG_Complex_fg_184.jpg,0.9383421634474991,0.9681904269972452,0.9921595293209876,247423,1809919,16258
FG_Counting-Fingers_BG_Complex_fg_185.jpg,0.9399416378587393,0.9690411500175069,0.9923673804012346,247700,1810073,15827
FG_Counting-Fingers_BG_Complex_fg_186.jpg,0.9393426419295834,0.9687227224529728,0.9922757523148148,248040,1809543,16017
FG_Counting-Fingers_BG_Complex_fg_187.jpg,0.9390846791149094,0.96858552824372,0.9922453703703704,247893,1809627,16080
FG_Counting-Fingers_BG_Complex_fg_188.jpg,0.9372554800811947,0.9676116441202812,0.9919950810185185,247950,1809051,16599
FG_Counting-Fingers_BG_Complex_fg_189.jpg,0.9370192307692308,0.9674857284686027,0.9919767554012345,247523,1809440,16637
FG_Counting-Fingers_BG_Complex_fg_190.jpg,0.9360978797505412,0.9669943751719349,0.991841724537037,247816,1808867,16917
FG_Counting-Fingers_BG_Complex_fg_191.jpg,0.936836221352711,0.9673881673881675,0.991934799382716,248048,1808828,16724
FG_Counting-Fingers_BG_Complex_fg_192.jpg,0.9370734602980154,0.967514634322488,0.9919738618827161,247840,1809117,16643
FG_Counting-Fingers_BG_Complex_fg_193.jpg,0.9384659058649861,0.968256292798941,0.9921600115740741,247938,1809405,16257
FG_Counting-Fingers_BG_Complex_fg_194.jpg,0.9382506171530691,0.9681416931843265,0.9921349344135802,247807,1809484,16309
FG_Counting-Fingers_BG_Complex_fg_195.jpg,0.9379815902369945,0.967998452577962,0.9921011766975308,247720,1809501,16379
FG_Counting-Fingers_BG_Complex_fg_196.jpg,0.9373883421650265,0.9676824431776001,0.9920225694444444,247658,1809400,16542
FG_Counting-Fingers_BG_Complex_fg_197.jpg,0.9379458592097246,0.9679794249692917,0.9920924961419753,247840,1809363,16397
FG_Counting-Fingers_BG_Complex_fg_198.jpg,0.9371722598463925,0.9675672930818298,0.9919917052469136,247704,1809290,16606
FG_Counting-Fingers_BG_Complex_fg_199.jpg,0.9377904004544163,0.9678966313740663,0.9920775462962963,247647,1809525,16428
FG_Counting-Fingers_BG_Complex_fg_200.jpg,0.9373255201724249,0.9676489680361011,0.9920206404320988,247453,1809601,16546
FG_Counting-Fingers_BG_Complex_fg_201.jpg,0.9375513526816985,0.9677692943560601,0.992046199845679,247612,1809495,16493
FG_Counting-Fingers_BG_Complex_fg_202.jpg,0.9375305341054122,0.9677582031379801,0.9920452353395062,247554,1809551,16495
FG_Counting-Fingers_BG_Complex_fg_203.jpg,0.9382922718578977,0.968163868247303,0.992142650462963,247742,1809565,16293
FG_Counting-Fingers_BG_Complex_fg_204.jpg,0.938782312281034,0.9684246718514047,0.9922053433641975,247862,1809575,16163
FG_Counting-Fingers_BG_Complex_fg_205.jpg,0.9390512773888535,0.9685677612955029,0.9922410300925926,247887,1809624,16089
FG_Counting-Fingers_BG_Complex_fg_206.jpg,0.9384566471363037,0.968251364839851,0.9921585648148148,247944,1809396,16260
FG_Counting-Fingers_BG_Complex_fg_207.jpg,0.9388817531854916,0.9684775790405505,0.992220775462963,247800,1809669,16131
FG_Counting-Fingers_BG_Complex_fg_208.jpg,0.9387991680778279,0.9684336403017708,0.9922092013888889,247812,1809633,16155
FG_Counting-Fingers_BG_Complex_fg_209.jpg,0.9396852716058275,0.9689048892224463,0.9923273533950617,247873,1809817,15910
FG_Counting-Fingers_BG_Complex_fg_210.jpg,0.9397985583169506,0.9689651064926645,0.9923355516975308,248104,1809603,15893
FG_Counting-Fingers_BG_Complex_fg_211.jpg,0.9397525999734794,0.9689406782971477,0.9923312114197531,248043,1809655,15902
FG_Counting-Fingers_BG_Complex_fg_212.jpg,0.9395260570155834,0.9688202472115947,0.9923008294753086,248033,1809602,15965
FG_Counting-Fingers_BG_Complex_fg_213.jpg,0.9398562034062671,0.9689957448969031,0.9923432677469136,248107,1809616,15877
FG_Counting-Fingers_BG_Complex_fg_214.jpg,0.9398329007445579,0.9689833597355997,0.9923423032407407,248036,1809685,15879
FG_Counting-Fingers_BG_Complex_fg_215.jpg,0.9397492616981511,0.9689389038616761,0.9923355516975308,247888,1809819,15893
FG_Counting-Fingers_BG_Complex_fg_216.jpg,0.9408732944949428,0.969536030160875,0.9924869791666666,247906,1810115,15579
FG_Counting-Fingers_BG_Complex_fg_217.jpg,0.9405672608171528,0.9693735226895352,0.9924392361111111,248116,1809806,15678
FG_Counting-Fingers_BG_Complex_fg_218.jpg,0.940223423478027,0.9691908798756702,0.9923900462962963,248203,1809617,15780
FG_Counting-Fingers_BG_Complex_fg_219.jpg,0.9398195988477945,0.9689762897601658,0.9923326581790124,248290,1809411,15899
FG_Counting-Fingers_BG_Complex_fg_220.jpg,0.9399857766479796,0.9690646065170042,0.9923490547839506,248489,1809246,15865
FG_Counting-Fingers_BG_Complex_fg_221.jpg,0.940463261143508,0.9693182859739342,0.9924127121913581,248524,1809343,15733
FG_Counting-Fingers_BG_Complex_fg_222.jpg,0.9403065258761261,0.9692350289359977,0.9923910108024692,248539,1809283,15778
FG_Counting-Fingers_BG_Complex_fg_223.jpg,0.9408436953675463,0.9695203149158022,0.9924609375,248633,1809334,15633
FG_Counting-Fingers_BG_Complex_fg_224.jpg,0.9396200609051134,0.9688702234463843,0.992293113425926,248693,1808926,15981
FG_Counting-Fingers_BG_Complex_fg_225.jpg,0.9395972647247723,0.9688581045283137,0.9922897376543209,248702,1808910,15988
FG_Counting-Fingers_BG_Complex_fg_226.jpg,0.9386485007453814,0.9683534693210091,0.9921604938271605,248709,1808635,16256
FG_Counting-Fingers_BG_Complex_fg_227.jpg,0.9388275789187639,0.9684487564823322,0.9921836419753086,248748,1808644,16208
FG_Counting-Fingers_BG_Complex_fg_228.jpg,0.938225889167094,0.9681285286827678,0.9920997299382716,248810,1808408,16382
FG_Counting-Fingers_BG_Complex_fg_229.jpg,0.9389176989213222,0.9684967025095187,0.9921952160493828,248770,1808646,16184
FG_Counting-Fingers_BG_Complex_fg_230.jpg,0.9387075961832321,0.9683849158390696,0.9921657986111111,248796,1808559,16245
FG_Counting-Fingers_BG_Complex_fg_231.jpg,0.9389404053523424,0.9685087821786034,0.9922010030864198,248684,1808744,16172
FG_Counting-Fingers_BG_Complex_fg_232.jpg,0.9386586171115933,0.9683588526897019,0.9921600115740741,248768,1808575,16257
FG_Counting-Fingers_BG_Complex_fg_233.jpg,0.9389460736224097,0.9685117976161518,0.9921966628086419,248847,1808572,16181
FG_Counting-Fingers_BG_Complex_fg_234.jpg,0.9378093709739393,0.9679067353282518,0.9920384837962963,248949,1808142,16509
FG_Counting-Fingers_BG_Complex_fg_235.jpg,0.9381390477482161,0.9680822940316611,0.9920814043209877,249014,1808166,16420
FG_Counting-Fingers_BG_Complex_fg_236.jpg,0.9369875276452977,0.967468829068144,0.9919208140432099,249115,1807732,16753
FG_Counting-Fingers_BG_Complex_fg_237.jpg,0.9365803397172908,0.9672517277068053,0.9918668016975308,249062,1807673,16865
FG_Counting-Fingers_BG_Complex_fg_238.jpg,0.9364002767166962,0.967155693970907,0.9918422067901235,249060,1807624,16916
FG_Counting-Fingers_BG_Complex_fg_239.jpg,0.937766398072144,0.9678838470985093,0.9920293209876543,249052,1808020,16528
FG_Counting-Fingers_BG_Complex_fg_240.jpg,0.9377073974581819,0.9678524205339095,0.9920153356481481,249237,1807806,16557
FG_Counting-Fingers_BG_Complex_fg_241.jpg,0.9384540080575323,0.96824996018134,0.9921170910493827,249244,1808010,16346
FG_Counting-Fingers_BG_Complex_fg_242.jpg,0.9378757439636427,0.967942084919598,0.9920365547839506,249293,1807794,16513
FG_Counting-Fingers_BG_Complex_fg_243.jpg,0.9382727666221277,0.9681534846690099,0.9920910493827161,249285,1807915,16400
FG_Counting-Fingers_BG_Complex_fg_244.jpg,0.9372584695427274,0.9676132372403141,0.9919511959876544,249322,1807588,16690
FG_Counting-Fingers_BG_Complex_fg_245.jpg,0.9381020832078993,0.9680626127341813,0.9920674189814814,249295,1807856,16449
FG_Counting-Fingers_BG_Complex_fg_246.jpg,0.9355564978217391,0.9667054398821295,0.9917177854938272,249323,1807103,17174
FG_Counting-Fingers_BG_Complex_fg_247.jpg,0.9362920087236255,0.9670979423613023,0.9918152006172839,249431,1807197,16972
FG_Counting-Fingers_BG_Complex_fg_248.jpg,0.9369740638336238,0.9674616519946393,0.9919092399691358,249415,1807408,16777
FG_Counting-Fingers_BG_Complex_fg_249.jpg,0.9375688509735951,0.967778616488888,0.9919921875,249368,1807627,16605
FG_Counting-Fingers_BG_Complex_fg_250.jpg,0.9367883858563403,0.967362663569613,0.9918822337962963,249463,1807304,16833
FG_Counting-Fingers_BG_Complex_fg_251.jpg,0.9371803303331517,0.9675715942996156,0.9919386574074074,249379,1807505,16716
FG_Counting-Fingers_BG_Complex_fg_252.jpg,0.9380138248501305,0.9680156176622409,0.9920515046296297,249416,1807702,16482
FG_Counting-Fingers_BG_Complex_fg_253.jpg,0.9367632705158044,0.9673492726515026,0.9918764467592592,249535,1807220,16845
FG_Counting-Fingers_BG_Complex_fg_254.jpg,0.9360553861617105,0.966971702206794,0.9917775848765432,249587,1806963,17050
FG_Counting-Fingers_BG_Complex_fg_255.jpg,0.9358692187997976,0.9668723586400313,0.9917515432098766,249601,1806895,17104
FG_Counting-Fingers_BG_Complex_fg_256.jpg,0.9357188105599724,0.9667920830807899,0.9917298418209877,249632,1806819,17149
FG_Counting-Fingers_BG_Complex_fg_257.jpg,0.9359483987099677,0.966914613358128,0.9917631172839506,249580,1806940,17080
FG_Counting-Fingers_BG_Complex_fg_258.jpg,0.9359878200608996,0.9669356494520267,0.9917679398148148,249598,1806932,17070
FG_Counting-Fingers_BG_Complex_fg_259.jpg,0.936152492712628,0.9670235131128959,0.9917925347222222,249538,1807043,17019
FG_Counting-Fingers_BG_Complex_fg_260.jpg,0.9364759632697155,0.967196062365254,0.9918330439814815,249657,1807008,16935
FG_Counting-Fingers_BG_Complex_fg_261.jpg,0.9360643443698676,0.966976482049236,0.9917771026234568,249639,1806910,17051
FG_Counting-Fingers_BG_Complex_fg_262.jpg,0.9369548349370448,0.967451401588822,0.9918889853395062,249958,1806823,16819
FG_Counting-Fingers_BG_Complex_fg_263.jpg,0.9359713630985367,0.9669268677616258,0.9917534722222222,249968,1806532,17100
FG_Counting-Fingers_BG_Complex_fg_264.jpg,0.9366669785720969,0.9672979287979606,0.9918397955246914,250254,1806425,16921
FG_Counting-Fingers_BG_Complex_fg_265.jpg,0.9361945915180745,0.9670459731881087,0.9917824074074074,250022,1806538,17040
FG_Counting-Fingers_BG_Complex_fg_266.jpg,0.9360592066577527,0.9669737407191027,0.991766975308642,249925,1806603,17072
FG_Counting-Fingers_BG_Complex_fg_267.jpg,0.9370026475463321,0.967476888824355,0.9918986304012346,249863,1806938,16799
FG_Counting-Fingers_BG_Complex_fg_268.jpg,0.9353207386140319,0.9665795647742152,0.991667148919753,249870,1806451,17279
FG_Counting-Fingers_BG_Complex_fg_269.jpg,0.9356491643381003,0.9667549074246083,0.9917148919753086,249794,1806626,17180
FG_Counting-Fingers_BG_Complex_fg_270.jpg,0.9360717449897759,0.9669804307739838,0.9917529899691359,250402,1806097,17101
FG_Counting-Fingers_BG_Complex_fg_271.jpg,0.9354068237545601,0.9666255303780869,0.9916661844135802,250255,1806064,17281
FG_Counting-Fingers_BG_Complex_fg_272.jpg,0.9353587033648281,0.9665998367523363,0.9916526813271604,250461,1805830,17309
FG_Counting-Fingers_BG_Complex_fg_273.jpg,0.9348540043714622,0.9663302784182414,0.9915914351851852,250209,1805955,17436
FG_Counting-Fingers_BG_Complex_fg_274.jpg,0.934839938739681,0.9663227639890651,0.9915875771604938,250266,1805890,17444
FG_Counting-Fingers_BG_Complex_fg_275.jpg,0.9350332420221016,0.9664260248521578,0.991616512345679,250199,1806017,17384
FG_Counting-Fingers_BG_Complex_fg_276.jpg,0.935118461590294,0.9664715418215865,0.9916415895061729,249801,1806467,17332
FG_Counting-Fingers_BG_Complex_fg_277.jpg,0.936397057445764,0.9671539768614745,0.9918152006172839,249871,1806757,16972
FG_Counting-Fingers_BG_Complex_fg_278.jpg,0.936066955007583,0.9669778750021759,0.9917664930555555,249972,1806555,17073
FG_Counting-Fingers_BG_Complex_fg_279.jpg,0.9362441128092531,0.9670723919732183,0.9917939814814815,249877,1806707,17016
FG_Counting-Fingers_BG_Complex_fg_280.jpg,0.9357728753885913,0.9668209398798835,0.991730324074074,249842,1806610,17148
FG_Counting-Fingers_BG_Complex_fg_281.jpg,0.9353768776421911,0.9666095409610674,0.9916845100308642,249581,1806776,17243
FG_Counting-Fingers_BG_Complex_fg_282.jpg,0.9345028363881452,0.9661426375915052,0.9915644290123456,249573,1806535,17492
FG_Counting-Fingers_BG_Complex_fg_283.jpg,0.9364663654279912,0.9671909434079085,0.9918224344135802,249941,1806702,16957
FG_Counting-Fingers_BG_Complex_fg_284.jpg,0.9363131963579729,0.9671092446398568,0.9917963927469136,250093,1806496,17011
FG_Counting-Fingers_BG_Complex_fg_285.jpg,0.9367123698209335,0.9673221325142267,0.9918528163580247,250046,1806660,16894
FG_Counting-Fingers_BG_Complex_fg_286.jpg,0.9360711784816905,0.9669801285051701,0.991766975308642,249975,1806553,17072
FG_Counting-Fingers_BG_Complex_fg_287.jpg,0.9359114987926549,0.9668949219800005,0.9917443094135803,249996,1806485,17119
FG_Counting-Fingers_BG_Complex_fg_288.jpg,0.9360390608020505,0.9669629913502611,0.9917684220679013,249797,1806734,17069
FG_Counting-Fingers_BG_Complex_fg_289.jpg,0.935785349335491,0.9668275975502386,0.9917327353395061,249821,1806636,17143
FG_Counting-Fingers_BG_Complex_fg_290.jpg,0.9364495640971868,0.9671819823861812,0.9918161651234568,250062,1806568,16970
FG_Counting-Fingers_BG_Complex_fg_291.jpg,0.9378057093205294,0.967904785097739,0.9919917052469136,250396,1806598,16606
FG_Counting-Fingers_BG_Complex_fg_292.jpg,0.9363890124098038,0.9671496857384905,0.9917906057098765,250588,1805989,17023
FG_Counting-Fingers_BG_Complex_fg_293.jpg,0.9367081982901382,0.9673199082000374,0.9918349729938272,250576,1806093,16931
FG_Counting-Fingers_BG_Complex_fg_294.jpg,0.9363582374978057,0.967133270450806,0.9917828896604939,250694,1805867,17039
FG_Counting-Fingers_BG_Complex_fg_295.jpg,0.9359724908340116,0.9669274695435338,0.9917298418209877,250689,1805762,17149
FG_Counting-Fingers_BG_Complex_fg_296.jpg,0.9353405504614535,0.9665901437743712,0.9916411072530864,250733,1805534,17333
FG_Counting-Fingers_BG_Complex_fg_297.jpg,0.9357602751479069,0.9668142147161355,0.9916951195987654,250853,1805526,17221
FG_Counting-Fingers_BG_Complex_fg_298.jpg,0.935086234852523,0.9664543295392599,0.9916015625,250864,1805321,17415
FG_Counting-Fingers_BG_Complex_fg_299.jpg,0.9355367956328491,0.966694921784696,0.9916628086419753,250896,1805416,17288
FG_Counting-Fingers_BG_Complex_fg_300.jpg,0.9368353447245789,0.967387700019279,0.9918422067901235,250892,1805792,16916
Average,0.939815027155764,0.968971788234939,0.992403938709958,245812.973421926901210,1812035.833887043176219,15751.192691029900743
